{
  "id": "1575408",
  "name": "timor diving",
  "font_family": "iconfont",
  "css_prefix_text": "icon-",
  "description": "",
  "glyphs": [
    {
      "icon_id": "4362118",
      "name": "tripadvisor",
      "font_class": "tripadvisor1",
      "unicode": "e6e2",
      "unicode_decimal": 59106
    },
    {
      "icon_id": "4964686",
      "name": "FaceBook",
      "font_class": "tian7_facebook",
      "unicode": "e610",
      "unicode_decimal": 58896
    },
    {
      "icon_id": "5524657",
      "name": "language",
      "font_class": "language",
      "unicode": "e600",
      "unicode_decimal": 58880
    },
    {
      "icon_id": "5680538",
      "name": "whatsapp",
      "font_class": "whatsapp",
      "unicode": "e63b",
      "unicode_decimal": 58939
    },
    {
      "icon_id": "6151225",
      "name": "wind-smile",
      "font_class": "wind-smile",
      "unicode": "e7f9",
      "unicode_decimal": 59385
    },
    {
      "icon_id": "6151300",
      "name": "search-plus",
      "font_class": "search-plus",
      "unicode": "e82d",
      "unicode_decimal": 59437
    },
    {
      "icon_id": "7437832",
      "name": "discount",
      "font_class": "discount",
      "unicode": "e60a",
      "unicode_decimal": 58890
    },
    {
      "icon_id": "9178599",
      "name": "mail",
      "font_class": "mail",
      "unicode": "e8b6",
      "unicode_decimal": 59574
    },
    {
      "icon_id": "10089833",
      "name": "google-maps",
      "font_class": "google-maps",
      "unicode": "e622",
      "unicode_decimal": 58914
    },
    {
      "icon_id": "10493858",
      "name": "望远镜",
      "font_class": "wangyuanjing1",
      "unicode": "e6de",
      "unicode_decimal": 59102
    }
  ]
}
